model,val_accuracy,val_precision,val_recall,val_f1,val_roc_auc,val_avg_precision,test_accuracy,test_precision,test_recall,test_f1,test_roc_auc,test_avg_precision
svm_linear,0.5009940357852882,0.5009940357852882,1.0,0.6675496688741722,0.5083949914627206,0.5120508530869728,0.562874251497006,0.562874251497006,1.0,0.7203065134099617,0.5388289776223324,0.6003922358125409
gradient_boosting,0.49502982107355864,0.49702380952380953,0.6626984126984127,0.5680272108843537,0.5242838171125024,0.5527673920226808,0.530938123752495,0.5673352435530086,0.7021276595744681,0.6275752773375595,0.5237782959292723,0.5772582618577404
random_forest,0.4831013916500994,0.4894179894179894,0.7341269841269841,0.5873015873015873,0.5254221210396509,0.5481521964924343,0.5429141716566867,0.5660847880299252,0.8049645390070922,0.664714494875549,0.5063797402765634,0.5752862256660456
svm_rbf,0.49502982107355864,0.4975369458128079,0.8015873015873016,0.6139817629179332,0.499992095111617,0.5147916935873634,0.5369261477045908,0.5560538116591929,0.8794326241134752,0.6813186813186813,0.4737523883545452,0.5415166299767781
logistic_regression,0.4990059642147117,0.5,0.7936507936507936,0.6134969325153374,0.47674381837728447,0.4969733673593486,0.5429141716566867,0.5577342047930284,0.9078014184397163,0.6909581646423751,0.47224651057352895,0.5609840382441456
